title,company,location,link
"Data Analyst, University Graduate - 2022 Start",TikTok,"Mountain View, CA 94041 (Old Mountain View area)+13 locations",https://www.indeed.com/viewjob?jk=9ad119417b53fe9d
Software Engineers & Web Developers,1DocWay,"New York, NY",https://www.indeed.com/viewjob?jk=597b9830f39b5420
H1B Processing For Niche IT Professionals,Globex Digital Solutions,United States,https://www.indeed.com/viewjob?jk=f241b596ddbff834
Python Software Engineering Teaching Assistant (Part-Time),Hackbright Academy,+2 locationsRemote,https://www.indeed.com/viewjob?jk=cc10e115d1ed386e
Senior Python Developer,OMBU,"Remote in Portland, OR",https://www.indeed.com/viewjob?jk=d13b06d1113de40c
Python Developer,Swan Software Solutions,"Carmel, IN",https://www.indeed.com/viewjob?jk=32eaa9e1e80e8c5d
Python Developer,Nuvento systems,Remote+1 location,https://www.indeed.com/viewjob?jk=f2beba2d5640fd15
Junior Engineer,wpromote,Remote,https://www.indeed.com/viewjob?jk=21ebe479a0b1ab2e
"Developer, Frontend","Swap.com, Inc.","Remote in Bolingbrook, IL",https://www.indeed.com/viewjob?jk=78056f28a4e5332c
Frontend Developer,GRANDMETRIC,"Remote in Lewes, DE",https://www.indeed.com/viewjob?jk=54ef719bf85bfcce
Python Developer,Go8IT,"Plainsboro, NJ",https://www.indeed.com/viewjob?jk=b25f5371291321ec
Python Developer,Paktolus,Remote,https://www.indeed.com/viewjob?jk=df1cce3cc988f374
Junior Web Developer,Quotient inc,"Remote in Columbia, MD",https://www.indeed.com/viewjob?jk=d88475272ec3ac4a
Python Developers,Kynite,"Fargo, ND",https://www.indeed.com/viewjob?jk=224481bea6e336bf
Support Opportunities,RStudio,"Remote in Seattle, WA",https://www.indeed.com/viewjob?jk=2c26339484d5141f
Python Developer,Stier Solutions,"Westlake Village, CA 91361",https://www.indeed.com/viewjob?jk=b2de55596c3a1f9e
Software Engineer (Remote),GapJumpers,"Remote in San Francisco, CA",https://www.indeed.com/viewjob?jk=baaa8a0c1f573f17
PYTHON DEVELOPER,Pythonwise,"Seattle, WA",https://www.indeed.com/viewjob?jk=1a20a1c56fb7df73
Software Engineer II -Python - eCommerce,Outside Online,"Remote in Boulder, CO",https://www.indeed.com/viewjob?jk=9262dc0f57d60097
"Trainee, Deloitte Cyber Career Accelerator Program",Deloitte,"Fort Lauderdale, FL+19 locations",https://www.indeed.com/viewjob?jk=0f34c829d230b81a
Junior Data Scientist,SmartAsset,Remote in New York State,https://www.indeed.com/viewjob?jk=c70cc850f2499b73
Python Developer Anywhere,Santex Group,United States,https://www.indeed.com/viewjob?jk=040f2c487a3dd6d3
Python Developer,Nexient,Hybrid remote in United States+1 location,https://www.indeed.com/viewjob?jk=89bdb56d285b955b
Junior Back End Engineer (Remote),SIRCLO,+2 locationsRemote,https://www.indeed.com/viewjob?jk=6c16aee1774ef627
Python (Django/Flask) Developer,Trood,"New York, NY 10272 (Financial District area)+1 location",https://www.indeed.com/viewjob?jk=a5fe3ba2a2ecdbe2
Graduate Data Scientist - Role Can be Remote,MARS,"Remote in Franklin, TN+5 locations",https://www.indeed.com/viewjob?jk=8a678b2c47705937
Penetration Testing Trainee,BreachLock,Remote in Florida,https://www.indeed.com/viewjob?jk=487b30db63184515
Software Engineer - Recent/Upcoming Graduates,Performance,"Clearwater, FL 33759+28 locations",https://www.indeed.com/viewjob?jk=df1174c037614816
University Grad Software Engineer (USA),Pinterest,"Seattle, WA 98101 (Denny Triangle area)+10 locations",https://www.indeed.com/viewjob?jk=88cfddd4b66f1eb6
Python Developer,Moove-it,Remote,https://www.indeed.com/viewjob?jk=30d2deae65d78d38
Python Developer,Crunch.io,Remote in United States,https://www.indeed.com/viewjob?jk=b616c7551b5d0f3c
Data Science Trainee,Axle Informatics,"Rockville, MD 20852+2 locations",https://www.indeed.com/viewjob?jk=4da4bfb52586290f
"Frontend Engineer, University Graduate - 2022 Start",TikTok,"San Francisco, CA+5 locations",https://www.indeed.com/viewjob?jk=5649d6ff6ae4a763
Data Scientist - Entry Level,JPL/NASA,"Pasadena, CA 91109+1 location",https://www.indeed.com/viewjob?jk=7f8378ef282e99d6
Software Engineer (Python),Sure,Remote,https://www.indeed.com/viewjob?jk=e8b9807be9d1933e
"Security Software Engineer, University Graduate 2022",TikTok,"Mountain View, CA 94041 (Old Mountain View area)+4 locations",https://www.indeed.com/viewjob?jk=402e3e36a16a344d
Python Developer / AWS Developer,CriticalRiver Inc.,"San Francisco, CA",https://www.indeed.com/viewjob?jk=3478661616ee2464
Data Science Trainee,Axle Informatics,"Rockville, MD 20852+3 locations",https://www.indeed.com/viewjob?jk=4da4bfb52586290f
Content Creator,LeetCode,Remote,https://www.indeed.com/viewjob?jk=e94af63cb41ad9b5
Python-Developers,Celandyne Software Solutions,"Santa Clara, CA 95050",https://www.indeed.com/viewjob?jk=e004e922fdd74fe6
Software Engineer,DataDog,"Remote in New York, NY+6 locations",https://www.indeed.com/viewjob?jk=370d13727b9c858b
Senior Python Developer,Six Feet Up Inc.,"Fishers, IN+1 location",https://www.indeed.com/viewjob?jk=d415983f29b3d543
Junior Developer - Python,Akuna Capital,"Chicago, IL",https://www.indeed.com/viewjob?jk=6e3ee651f6758fe9
Data Scientist - Entry Level,Numerdox,"Remote in Sacramento, CA",https://www.indeed.com/viewjob?jk=3dde0133818987f0
Computer Science Trainee,Axle Informatics,"Rockville, MD 20852",https://www.indeed.com/viewjob?jk=1d166c117c4a169c
Junior Software Engineer,Alloy,"New York, NY",https://www.indeed.com/viewjob?jk=813829bb6c109643
Software Engineer - Python,Backstage,"Remote in New York, NY",https://www.indeed.com/viewjob?jk=2814f981b67e8b0b
Python Developer,Highbrow-Tech,Remote+3 locations,https://www.indeed.com/viewjob?jk=cb7d5b960834efbf
Python Developer,Alertus,"Fort Lauderdale, FL 33315 (Fort Lauderdale-Hollywood International Airport area)+1 location",https://www.indeed.com/viewjob?jk=02fe256ae470100c
Python Developer,Capgemini,"Malvern, PA+8 locations",https://www.indeed.com/viewjob?jk=6fda4912e14a7df6
Software Engineer (Python/Django),The Texas Tribune,"Remote in Austin, TX",https://www.indeed.com/viewjob?jk=e9d58cb55cc99909
Python Developer,Tektree,United States,https://www.indeed.com/viewjob?jk=1b988418c52befe0
Junior Trader - SFS,Société Générale,"New York, NY+1 location",https://www.indeed.com/viewjob?jk=e082c45ece980f9e
Engineering Opportunities,RStudio,"Remote in Seattle, WA+1 location",https://www.indeed.com/viewjob?jk=f30a28ed7d8cf1fe
Python Developer,InfoTrust,Remote in Ohio,https://www.indeed.com/viewjob?jk=8c1981e2ae281083
Software Engineers,ModelOp,"Remote in Salt Lake City, UT",https://www.indeed.com/viewjob?jk=a68264b6dda69a56
Senior Python Developer,Ollanna,"San Francisco, CA",https://www.indeed.com/viewjob?jk=afd26d98ba52ad14
Python Developer,Velvetech,"Northbrook, IL 60062",https://www.indeed.com/viewjob?jk=0b62ff075ce8b923
Assistant Trader,3Red Partners,"Miami, FL",https://www.indeed.com/viewjob?jk=2504e4bedcaf37ac
Python Developer,Snap IT Solutions,"Houston, TX 77099 (Alief area)",https://www.indeed.com/viewjob?jk=0e10fe734c597c75
Software Engineer,Wyng Microexperience Platform,"New York, NY+1 location",https://www.indeed.com/viewjob?jk=8532758d1f01a678
Python Developer,Saraca Solutions,"Harrisburg, PA",https://www.indeed.com/viewjob?jk=7a7f0d6cdbec9856
Entry Level Data Analyst,FieldLevel,Remote in California,https://www.indeed.com/viewjob?jk=f7a086d756a6fb76
Python Developer,Bank of America,"Chicago, IL 60661 (West Loop Gate area)+8 locations",https://www.indeed.com/viewjob?jk=e391b87f1c094acd
Full Stack Developer,The Powerline Group,"Remote in Port Jefferson Station, NY",https://www.indeed.com/viewjob?jk=470c00aa06f17d0d
Airflow Python Developer,Six Feet Up Inc.,"Fishers, IN",https://www.indeed.com/viewjob?jk=6f2fc56612850e6a
Python Developer,Fults & Associates,"Grapevine, TX",https://www.indeed.com/viewjob?jk=724d43dd753723a7
Software Engineers,Data Sys IT,"Remote in Grapevine, TX",https://www.indeed.com/viewjob?jk=d6c1cb9bde3c5a0c
Software Engineer - Python,Backstage,"Remote in New York, NY",https://www.indeed.com/viewjob?jk=2814f981b67e8b0b
"Threat Analyst, Adult Nudity & Sexual Activity (ANSA)",TikTok,"Mountain View, CA 94041 (Old Mountain View area)",https://www.indeed.com/viewjob?jk=ea93db9c80d0046c
Python Developer,Snap IT Solutions,"Houston, TX 77099 (Alief area)",https://www.indeed.com/viewjob?jk=0e10fe734c597c75
Python Developer,Fults & Associates,"Grapevine, TX",https://www.indeed.com/viewjob?jk=724d43dd753723a7
Junior software engineer,Agile Onboarding,North Carolina,https://www.indeed.com/viewjob?jk=5b47844c570e4c65
Entry Level Data Analyst,FieldLevel,Remote in California,https://www.indeed.com/viewjob?jk=f7a086d756a6fb76
Software Engineer,ENEL,"Boston, MA 02210 (South Boston area)",https://www.indeed.com/viewjob?jk=8237e9e241c0f4b8
Systematic Trader,Citadel Securities,"Chicago, IL 60603 (The Loop area)+1 location",https://www.indeed.com/viewjob?jk=26e6df7d0210a45c
Python Developer,Velvetech,"Northbrook, IL 60062",https://www.indeed.com/viewjob?jk=0b62ff075ce8b923
Senior Python Developer,Ollanna,"San Francisco, CA",https://www.indeed.com/viewjob?jk=afd26d98ba52ad14
Data Engineer - QA,Chargebee,Remote,https://www.indeed.com/viewjob?jk=59704ba15146022f
"Backend Software Engineer, TikTok Creator Marketplace",TikTok,"Los Angeles, CA+34 locations",https://www.indeed.com/viewjob?jk=8f3badf23561a781
"Trader, Foreign Exchange",Wellington Management,"Hybrid remote in Boston, MA",https://www.indeed.com/viewjob?jk=3f4693a30a9a195e
Software Engineers,Data Sys IT,"Remote in Grapevine, TX",https://www.indeed.com/viewjob?jk=d6c1cb9bde3c5a0c
Junior Trader,Gelber Group LLC,"Chicago, IL 60654 (Near North area)",https://www.indeed.com/viewjob?jk=210f6aa815be3cc5
Python Developer :: 3 Months Contract to Hire :: Remote Role,Agama Solutions,"Remote in San Francisco, CA+1 location",https://www.indeed.com/viewjob?jk=f6a64372a5851eec
PYTHON DEVELOPER,OC10,"Charlotte, NC 28202 (Downtown Charlotte area)",https://www.indeed.com/viewjob?jk=f26b8209c93fdd28
Python Developer,CSC Generation,Remote in United States+1 location,https://www.indeed.com/viewjob?jk=18af2dad2032cf22
DATA ENGINEER - PYTHON,InspiHER Tech,Remote,https://www.indeed.com/viewjob?jk=3eb413ec2cc83e4c
Web Developer,California State University,"San Bernardino, CA 92407 (California State College San Bernardino area)",https://www.indeed.com/viewjob?jk=73aa7d9cd6507a60
Web Scraping Expert,Legentic,United States,https://www.indeed.com/viewjob?jk=8e2ce03f22ee09d9
"AR Effects Interactive Engineer, University Graduate - 2022...",TikTok,"Remote in Mountain View, CA+1 location",https://www.indeed.com/viewjob?jk=6232fae797dd106e
Frontend Developer,Miracle Software Systems,Arkansas,https://www.indeed.com/viewjob?jk=a175d7740c2f1cc0
Python Developer,Yakshna Solutions,"Herndon, VA 20170",https://www.indeed.com/viewjob?jk=ae023be656f9ac53
Python Developer (100% Remote),Denken Solutions Inc,Remote,https://www.indeed.com/viewjob?jk=50247303a7c7f7c8
Data Visualization Specialist,Crunch.io,"Remote in San Francisco Bay Area, CA",https://www.indeed.com/viewjob?jk=0bd5cc9c5ecab98a
ETL Developer,Intone Networks,Remote,https://www.indeed.com/viewjob?jk=b9d4f9191562afd0
Data Analyst: Technical Business Intelligence,Barstool Sports,Remote,https://www.indeed.com/viewjob?jk=1b69b56cac09ab1d
Junior Security Researcher,Github,Remote,https://www.indeed.com/viewjob?jk=2af7dc30cf4dcdb0
Sales Opportunities,RStudio,"Remote in Seattle, WA",https://www.indeed.com/viewjob?jk=8f0c4d2a405bc478
Jr. QA Analyst Trainee,SQA²,"Los Alamitos, CA",https://www.indeed.com/viewjob?jk=e4692123ef997d25
Junior Data Scientist,ClimateAI,"Remote in San Francisco Bay Area, CA",https://www.indeed.com/viewjob?jk=208e4a8da03909d7
"People Research Scientist - Austin, TX",TikTok,"Austin, TX 78745+14 locations",https://www.indeed.com/viewjob?jk=00290f458e6dcae1
"Software Engineer, TikTok Backend",TikTok,"New York, NY 10017 (Midtown area)+68 locations",https://www.indeed.com/viewjob?jk=f0fc61ad6a41924d
Junior Web Developer,HealPay,"Ann Arbor, MI+1 location",https://www.indeed.com/viewjob?jk=84e78087102e5db1
Back-end Engineer (Python),CartPilot.,"Chicago, IL",https://www.indeed.com/viewjob?jk=b4ac68e9141d6ba7
Associate Solutions Architect – Early Career 2022 (US),"Amazon Web Services, Inc.","Seattle, WA+126 locations",https://www.indeed.com/viewjob?jk=3905541e1957ec4a
Python Backend Engineer,Potato London Ltd,"San Francisco, CA",https://www.indeed.com/viewjob?jk=43a7c98bbd0875ed
"CO-OP, DATA SCIENCE",PUMA,"Boston, MA 02210 (South Boston area)",https://www.indeed.com/viewjob?jk=16330f4d1e351799
"Jr. Full stack Software Engineer, (Python, JavaScript / Reac...",Myriad Genetics Inc.,"Remote in South San Francisco, CA+5 locations",https://www.indeed.com/viewjob?jk=1a54776198b15597
Junior Strong/Middle QA Engineer,AgiliWay,United States,https://www.indeed.com/viewjob?jk=b2dcf6a1b58151f5
"Mapping Analyst, Maps Delivery",Apple,"Cupertino, CA",https://www.indeed.com/viewjob?jk=7a8dfeb8dc505f6d
Full Stack Engineer - Remote,Canary Technologies,+1 locationRemote,https://www.indeed.com/viewjob?jk=42b7fc424289a17b
Data Analyst,Boulevard,Remote,https://www.indeed.com/viewjob?jk=c9a9a2e3f9d28cbb
Junior Penetration Tester USA Remote,BreachLock,Remote in Florida,https://www.indeed.com/viewjob?jk=1256f1d0f5d5af0c
Data Analysis and Visualization Specialist,TikTok,"Los Angeles, CA+1 location",https://www.indeed.com/viewjob?jk=d6d55830ff085386
Junior Quantitative Trader,Hap Capital,"New York, NY 10014 (West Village area)",https://www.indeed.com/viewjob?jk=f54212709bf17a5c
"Backend Engineering, Apprenticeship (Remote)",Fetch Rewards,Remote in Wisconsin+1 location,https://www.indeed.com/viewjob?jk=d643f30e39da9c10
Web Developer (Part-Time),Sporcle,"Temporarily Remote in Seattle, WA",https://www.indeed.com/viewjob?jk=b55668f202b5bfe1
Fullstack Developer,The Recount,"New York, NY",https://www.indeed.com/viewjob?jk=0d9cab8f84c5ea78
Python Application Developer (13844),Baer Group,"Remote in Alexandria, VA",https://www.indeed.com/viewjob?jk=dd24745835022a3d
Software Engineer Apprentice,wepay,"Redwood City, CA 94063 (Downtown area)+1 location",https://www.indeed.com/viewjob?jk=4d532361313682c1
Quantitative Trader,Binance,Oregon,https://www.indeed.com/viewjob?jk=fa1f5ad80a72534f
Senior Python Developer,"Fiserv, Inc.","Frisco, TX",https://www.indeed.com/viewjob?jk=2fc75b628fbfdc68
PYTHON DEVELOPER,Netresolute,"Philadelphia, PA",https://www.indeed.com/viewjob?jk=ed8dbcbf202e6f4e
Quantitative Researcher (Early Career),Aquatic Capital Management,"Chicago, IL",https://www.indeed.com/viewjob?jk=5f490e9b55c9ffda
Campus Recruitment - 2022 Full Time Software Engineer,Amex,"New York, NY",https://www.indeed.com/viewjob?jk=2fb9d8676ea98adc
Python Developer,Sara Technologies,"San Diego, CA 92127",https://www.indeed.com/viewjob?jk=07cc59a85ae4d228
Senior Python Developer,ShipHero,Remote,https://www.indeed.com/viewjob?jk=1ef36fc836615b49
Junior Backend Python Engineer,Numerator,"Remote in Miami, FL+4 locations",https://www.indeed.com/viewjob?jk=157dd943f1cfe017
Data Analyst,Roles at YipitData,Remote in New York State+1 location,https://www.indeed.com/viewjob?jk=ba993fa1342fac28
Full Stack Web Developer - Entry Level,Aston Technologies Inc.,"Saint Louis Park, MN",https://www.indeed.com/viewjob?jk=76785349a91f064f
Developer,Bell Curve Capital,"Philadelphia, PA",https://www.indeed.com/viewjob?jk=7c180d6db64ad92a
Risk Analyst,TikTok,"Austin, TX 78745+1 location",https://www.indeed.com/viewjob?jk=9c1bbd012d8d85cc
Python Developer,Haneke Design,"Tampa, FL",https://www.indeed.com/viewjob?jk=542b21736b6bca61
Experienced Backend Engineer - Java,"TheoremOne, LLC",No office location,https://stackoverflow.com/jobs/566085
"Python Software Engineer (Linux, Security)",diconium group,"Stuttgart, Deutschland",https://stackoverflow.com/jobs/556429
Senior Cloud Software Engineer,Intel Corporation,"Shanghai, China",https://stackoverflow.com/jobs/540182
Senior Backend Engineer,Leaf Logistics,No office location,https://stackoverflow.com/jobs/201671
Developer Advocate,Supermetrics Oy,"Helsinki, Finland",https://stackoverflow.com/jobs/566093
LEAD INSTRUCTOR - DATA SCIENCE,WBS Gruppe,No office location,https://stackoverflow.com/jobs/566091
Data Engineering Manager - Spekit - High Growth Series A Startup,SpekitviaSource Coders,No office location,https://stackoverflow.com/jobs/566523
Remote Software Engineer (Node.js) - Electriphi - EV Fleet & Energy Management,ElectriphiviaSource Coders,No office location,https://stackoverflow.com/jobs/566521
Senior DevOps Engineer,Self Decode,No office location,https://stackoverflow.com/jobs/566516
Staff Machine Learning Engineer - REMOTE,The RealReal,"Remote, OR",https://stackoverflow.com/jobs/552039
Senior Data Engineer,Revance,"Pleasanton, CA",https://stackoverflow.com/jobs/525879
Site Reliability Engineering Manager,Canonical,No office location,https://stackoverflow.com/jobs/533163
Senior Software Engineer - Linux Engineering,Canonical,No office location,https://stackoverflow.com/jobs/540018
Senior Cloud Infrastructure Engineer - OPEN TO REMOTE,The RealReal,"San Francisco, CA",https://stackoverflow.com/jobs/552029
Senior Backend Engineer,Pollen,"London, UK",https://stackoverflow.com/jobs/522622
"Software Engineer (Product Infrastructure), TikTok e-Commerce",ByteDance,Singapore,https://stackoverflow.com/jobs/533135
Python Developer suchen Kollegen (m/w/d),solute GmbH,"Karlsruhe, Deutschland",https://stackoverflow.com/jobs/284443
"Testing Software Engineer, TikTok e-Commerce",ByteDance,Singapore,https://stackoverflow.com/jobs/533132
Software Entwickler*innen / Programmierer*innen,PNDetector GmbH,"München, Deutschland",https://stackoverflow.com/jobs/566513
McCloud HPC Expert,DUG Technology,"West Perth, Australia",https://stackoverflow.com/jobs/396027
Consultant (m/w/d)/ Developer (m/w/d) Robotic Process Automation (RPA),STAR COOPERATION GmbH,"Böblingen, Deutschland",https://stackoverflow.com/jobs/566512
(Senior) Android Software Developer - Munich,Paradox Cat GmbH,"München, Deutschland",https://stackoverflow.com/jobs/181583
Head of Scientific Computing (m/f/div),Max Planck Institute for Neurobiology of Behavior – caesar,"Bonn, Deutschland",https://stackoverflow.com/jobs/566074
(Senior) Software Engineer - Backend,zooplus SE,"Kraków, Poland",https://stackoverflow.com/jobs/111052
Senior Backend Developer (f/m/d),HOMELIKE INTERNET GmbH,"Köln, Deutschland",https://stackoverflow.com/jobs/522556
Technical Writer (m/f/x) - Munich or Remote,FINN,"München, Germany",https://stackoverflow.com/jobs/566504
Software Developer Frontend / fullstack (all genders),meteocontrol GmbH,"Augsburg, Deutschland",https://stackoverflow.com/jobs/566507
"Cloud Operations Engineer, Americas",Canonical,No office location,https://stackoverflow.com/jobs/522545
"Senior Software Engineer, Javascript",Versus Systems,No office location,https://stackoverflow.com/jobs/556182
Full-Stack Senior Developer,AudioValley,"Paris, France",https://stackoverflow.com/jobs/566062
Software-Entwickler Excel-Datenschnittstellen und Reports (m/w/d),PSI Software AG Geschäftsbereich PSI Gasnetze und Pipelines,"Berlin, Deutschland",https://stackoverflow.com/jobs/566502
(Senior) Java Software Engineer | Gdansk,Dynatrace,"Gdańsk, Poland",https://stackoverflow.com/jobs/560068
Java Entwickler (m/w/d),STAR COOPERATION GmbH,"Böblingen, Deutschland",https://stackoverflow.com/jobs/566498
Senior Security Engineer - Pentester (f/m/d),Delivery Hero SE,"Berlin, Germany",https://stackoverflow.com/jobs/566495
DevOps Cloud Engineer (Kubernetes) - Remote,IG Group,No office location,https://stackoverflow.com/jobs/532885
Full Stack Web Developer (m/w/d),solute GmbH,"Karlsruhe, Deutschland",https://stackoverflow.com/jobs/556141
DevOps Engineer (m/w/d),solute GmbH,"Karlsruhe, Deutschland",https://stackoverflow.com/jobs/556140
Python Engineer for Climate Change - Budapest,MSCI,"Budapest, Hungary",https://stackoverflow.com/jobs/566493
Cloud Solutions Architect for Climate Change - Zurich,MSCI,"Zürich, Switzerland",https://stackoverflow.com/jobs/566491
IT System Engineer (m/w/d),SoSafe GmbH,"Köln, Deutschland",https://stackoverflow.com/jobs/566490
Azure BI Technical Architect,BigChange Ltd,No office location,https://stackoverflow.com/jobs/532866
Fullstack Developer (m/w/d),German Edge Cloud GmbH & Co. KG,"Limburg an der Lahn, Deutschland",https://stackoverflow.com/jobs/539736
System Engineer (m/w/d) Kubernetes/OpenShift,German Edge Cloud GmbH & Co. KG,"Limburg an der Lahn, Deutschland",https://stackoverflow.com/jobs/539732
Technical Specialist - System Services,Derivco.,"Umhlanga, South Africa",https://stackoverflow.com/jobs/528648
Intermediate Observability Engineer,Derivco.,"Umhlanga, South Africa",https://stackoverflow.com/jobs/528647
Fullstack Cloud Engineer (Python/React/AWS),Montash,No office location,https://stackoverflow.com/jobs/556128
Software Engineer - Backend (d/f/m),Stylight,"München, Deutschland",https://stackoverflow.com/jobs/566055
"Software-Entwickler / Developer (w/m/d) Java, Python, UiPath - Operation Support",Daimler Group Services Berlin,"Berlin, Deutschland",https://stackoverflow.com/jobs/566052
Software Engineer (Monitoring System) - Working in Japan,LINE Fukuoka,"Fukuoka, Japan",https://stackoverflow.com/jobs/273841
Data Architect mit einem Flair für AI,ti&m AG,"Zürich, Schweiz",https://stackoverflow.com/jobs/522399
C++ Software Engineer,"Old Mission Capital, LLC","Chicago, IL",https://stackoverflow.com/jobs/528806
DevOps- Engineer (m/w/d),Volume Graphics GmbH,"Heidelberg, Deutschland",https://stackoverflow.com/jobs/545615
"Cloud Engineer (Azure, Google Cloud Platform, AWS)",ti&m AG,"Bern, Schweiz",https://stackoverflow.com/jobs/522337
Cloud Data Architect mit Flair für AI,ti&m AG,"Bern, Schweiz",https://stackoverflow.com/jobs/522336
"Cloud Engineer (Azure, Google Cloud Platform, AWS)",ti&m AG,"Zürich, Schweiz",https://stackoverflow.com/jobs/522303
Experienced Data Engineer,Accenture Romania,"Bucharest, Romania",https://stackoverflow.com/jobs/525561
"Engineering Experience, Senior Software Engineer (Remote)",Hotjar,No office location,https://stackoverflow.com/jobs/528857
Software Engineer - Robotics (m/f/d),Motius GmbH,"München, Deutschland",https://stackoverflow.com/jobs/545488
"Senior Developer for Cloud Technologies (Kafka, Flink, Terraform)",reeeliance IM GmbH,"Hamburg, Deutschland",https://stackoverflow.com/jobs/517848
"Junior Developer for Cloud Technologies (Kafka, Flink, Terraform)",reeeliance IM GmbH,"Hamburg, Deutschland",https://stackoverflow.com/jobs/516858
Software Development Engineer in Test,Intel Corporation,"Bengaluru, India",https://stackoverflow.com/jobs/539336
Senior Software Engineer,Intel Corporation,"Bengaluru, India",https://stackoverflow.com/jobs/539300
Edge AI Deep Learning Validation Engineer,Intel Corporation,"Bengaluru, India",https://stackoverflow.com/jobs/539297
Full Stack Lead/Architect (Sr. Deep Learning R and D Engineer),Intel Corporation,"Bengaluru, India",https://stackoverflow.com/jobs/539294
Graphics SRIOV Virtualization Developer,Intel Corporation,"Bengaluru, India",https://stackoverflow.com/jobs/539293
Python Software Engineer,Captivation Software,"Fort Meade, MD",https://stackoverflow.com/jobs/525426
Senior DevOps Engineer,Ascensus,No office location,https://stackoverflow.com/jobs/525432
Software Defined Radio Developer,Captivation Software,"Aberdeen Proving Ground, MD",https://stackoverflow.com/jobs/316048
Python Software Engineer (Quant Trading Firm),"Old Mission Capital, LLC","Chicago, IL",https://stackoverflow.com/jobs/528807
DevOps Engineer (m/w/d),CIS Solutions GmbH,"Ismaning, Deutschland",https://stackoverflow.com/jobs/371069
Senior DevOps Engineer (f/m/x),PPRO,"München, Germany",https://stackoverflow.com/jobs/565334
Senior Software Engineer,Avature,No office location,https://stackoverflow.com/jobs/565333
"Backend Software Engineer, DevOps",Avature,No office location,https://stackoverflow.com/jobs/565332
Junior Systems Engineer – Entwicklung und Test vernetzter Funktionen,IAV GmbH,"Gaimersheim, Deutschland",https://stackoverflow.com/jobs/566464
Systems Engineer – Entwicklung und Test vernetzter Funktionen,IAV GmbH,"Gaimersheim, Deutschland",https://stackoverflow.com/jobs/566463
Software Developer (Python),Picnic,"Amsterdam, Netherlands",https://stackoverflow.com/jobs/292346
"Sr. Software Engineer, Machine Learning Infrastructure",Chan Zuckerberg Initiative,"Redwood City, CA",https://stackoverflow.com/jobs/565330
Network Software Engineer,Intel Corporation,"Bengaluru, India",https://stackoverflow.com/jobs/539257
Software Engineering Manager,Intel Corporation,"Bengaluru, India",https://stackoverflow.com/jobs/539256
(Senior) Full-Stack Web Developer - React | Typescript | Python | Kubernetes,Dynatrace,"Wien, Austria",https://stackoverflow.com/jobs/559763
Principal Java Engineer,Picnic,"Amsterdam, Netherlands",https://stackoverflow.com/jobs/559762
DevOps Engineer,Picnic,"Amsterdam, Netherlands",https://stackoverflow.com/jobs/166839
AI Solutions Architect,Intel Corporation,"Bengaluru, India",https://stackoverflow.com/jobs/539246
Senior DevOps Engineer,AIR MILES,"Toronto, ON, Canada",https://stackoverflow.com/jobs/539243
Software Engineer - Networking Applications,Intel Corporation,"Bengaluru, India",https://stackoverflow.com/jobs/539242
Application Support Engineer,Derivco.,"Málaga, Spain",https://stackoverflow.com/jobs/565319
Software Engineer Java (m/w/d),SCHUFA Holding AG,No office location,https://stackoverflow.com/jobs/566457
Softwareentwickler* HiL und Prüfstände,EDAG Group,"Ingolstadt, Deutschland",https://stackoverflow.com/jobs/566456
Web Systems Engineer - HPC Products,DUG Technology,"West Perth, Australia",https://stackoverflow.com/jobs/528138
Front End Software Engineer – HPC Products,DUG Technology,"West Perth, Australia",https://stackoverflow.com/jobs/528137
Scientific Applications Developer,DownUnder GeoSolutions Pty Ltd,"West Perth, Australia",https://stackoverflow.com/jobs/352726
Senior Software Engineer - tripleup.com,Triple for Numo,"Pittsburgh, PA",https://stackoverflow.com/jobs/545291
Product Engineer I - Real Time & Big Data,Esri,"Redlands, CA",https://stackoverflow.com/jobs/566044
Qt C++ SDK Software Development Engineer,Esri,"Redlands, CA",https://stackoverflow.com/jobs/561049
DevOps Engineer,Esri,"Redlands, CA",https://stackoverflow.com/jobs/566039
Site Reliability Engineer- ArcGIS Online,Esri,"Redlands, CA",https://stackoverflow.com/jobs/552702
Process Engineering Graduate Intern,Intel Corporation,"Albuquerque, NM",https://stackoverflow.com/jobs/531835
Process Engineering Graduate Intern,Intel Corporation,"Albuquerque, NM",https://stackoverflow.com/jobs/531834
Software Engineer in Test,Esri,"Redlands, CA",https://stackoverflow.com/jobs/561053
Cloud Field Engineer - Americas,Canonical,No office location,https://stackoverflow.com/jobs/566035
"Senior Developer (React, Node.js) (m/f/d)",Ziegert EverEstate GmbH,"Berlin, Deutschland",https://stackoverflow.com/jobs/394267
Infrastructure Engineer,Catawiki,"Amsterdam, Netherlands",https://stackoverflow.com/jobs/566030
Data Engineer (m/w/d) | The Garage,Deloitte Deutschland,"Düsseldorf, Deutschland",https://stackoverflow.com/jobs/545256
(Senior) Backend Engineer (m/w/d) - Trufa,Deloitte Deutschland,"Düsseldorf, Deutschland",https://stackoverflow.com/jobs/545254
DevOps Engineer (m/w/d) | The Garage,Deloitte Deutschland,"Düsseldorf, Deutschland",https://stackoverflow.com/jobs/545252
"Experienced DevOps Consultant, GitLab/GitHub",Eficode Finland,"Helsinki, Finland",https://stackoverflow.com/jobs/559636
Site Reliability Engineering Lead (Remote),Hotjar,No office location,https://stackoverflow.com/jobs/545198
Platform Engineer,Octopus Energy,"Houston, TX",https://stackoverflow.com/jobs/531787
Full Stack Developer (m/f/d) – Product Team,Boehringer Ingelheim,"Wien, Österreich",https://stackoverflow.com/jobs/566017
Full-Stack Software Engineer (C# + .NET 6 / React + Typescript) (f/m/d),HeidelbergCement AG,"Heidelberg, Deutschland",https://stackoverflow.com/jobs/559624
Junior Backend Engineer (m/f/d),Relayr,"Katowice, Poland",https://stackoverflow.com/jobs/551592
Machine Learning Technical Lead - E-commerce Risk Management,ByteDance,Singapore,https://stackoverflow.com/jobs/525174
Applied Researcher 1 - Ads,eBay,"San Francisco, CA",https://stackoverflow.com/jobs/566005
Senior Test Automation Engineer (f/m/d),Evotec SE,"Göttingen, Germany",https://stackoverflow.com/jobs/561035
"Software Developers for our offices in Berlin, Hamburg, Göttingen or Abingdon",Evotec SE,"Hamburg, Germany",https://stackoverflow.com/jobs/524299
"Senior Software Developer/Team Leader in Berlin, Hamburg, Göttingen or Abingdon",Evotec SE,"Berlin, Germany",https://stackoverflow.com/jobs/550234
Senior React Developer | Contractor | Remote,Copado Strategic Services,No office location,https://stackoverflow.com/jobs/545086
Hyperscale Cloud Developer Advocate,Intel Corporation,"Hillsboro, OR",https://stackoverflow.com/jobs/528557
Cloud Software Performance Engineer,Intel Corporation,"Hillsboro, OR",https://stackoverflow.com/jobs/528554
Software-Entwickler/-innen (m/w/d) als Referentinnen/Referenten,Bundesamt für Verfassungsschutz,"Köln, Deutschland",https://stackoverflow.com/jobs/564679
Senior Software Engineer - App Store APIs,Canonical,No office location,https://stackoverflow.com/jobs/551466
Backend developer (Python/Django) with a passion for open source,5 Monkeys Agency ABvia5 Monkeys Agency AB,"Stockholm, Sweden",https://stackoverflow.com/jobs/565994
Backend developer (Python/Django) with a passion for open source,5 Monkeys Agency ABvia5 Monkeys Agency AB,"Göteborg, Sweden",https://stackoverflow.com/jobs/565993
Senior Data Engineer - Recommendations (f/m/d),Delivery Hero SE,"Berlin, Germany",https://stackoverflow.com/jobs/565991
Test Automation Engineer,AE nv/sa,"Dilbeek, Belgium",https://stackoverflow.com/jobs/525138
"Python Software Engineer, Commercial Systems",Canonical,No office location,https://stackoverflow.com/jobs/566450
Software Development Engineer in Test,"ESO Solutions, Inc.","Belfast, UK",https://stackoverflow.com/jobs/528503
Lead/Senior Software Engineer (Python/Django),Sector Labs,"Dubai, United Arab Emirates",https://stackoverflow.com/jobs/551454
Software Engineer – React,LifeOmic,"Indianapolis, IN",https://stackoverflow.com/jobs/519007
"Senior Software Engineer – AWS, NodeJS, Serverless",LifeOmic,"Indianapolis, IN",https://stackoverflow.com/jobs/519002
"Software Developer, Security",Hotjar,No office location,https://stackoverflow.com/jobs/544779
Machine Learning Engineer (m/f/x),ING Deutschland,"Frankfurt am Main, Deutschland",https://stackoverflow.com/jobs/565982
Développeur Elm/Typescript React/Angular (F/H),Thegreendata,"Paris, France",https://stackoverflow.com/jobs/528472
Test Engineer Connected Car (m/w/d),Pixida GmbH,"München, Deutschland",https://stackoverflow.com/jobs/564480
HPC Engineering Manager - Python & Linux,Canonical,No office location,https://stackoverflow.com/jobs/565980
"Software Engineer, Platform Infrastructure",SmartNews,"Shibuya City, Japan",https://stackoverflow.com/jobs/448299
"Software Engineer, Backend",SmartNews,"Shibuya City, Japan",https://stackoverflow.com/jobs/208334
"Software Engineer, Infrastructure, Education",Chan Zuckerberg Initiative,"Redwood City, CA",https://stackoverflow.com/jobs/565977
"Senior Data Engineer, Education",Chan Zuckerberg Initiative,"Redwood City, CA",https://stackoverflow.com/jobs/565328
"Systems Engineering, Analyst",MUFG,"Charlotte, NC",https://stackoverflow.com/jobs/559441
Sr. Software Engineer (Full stack Java),MUFG,"Charlotte, NC",https://stackoverflow.com/jobs/559425
Sr. Application Security Engineer,MUFG,"New York, NY",https://stackoverflow.com/jobs/559422
"Software Engineering, Analyst",MUFG,"Charlotte, NC",https://stackoverflow.com/jobs/559440
"Software Engineer, AVP",MUFG,"Charlotte, NC",https://stackoverflow.com/jobs/559429
Software Engineer,MUFG,"Charlotte, NC",https://stackoverflow.com/jobs/559421
Senior DevSecOps Engineer - REMOTE,MUFG,No office location,https://stackoverflow.com/jobs/559426
Senior DevSecOps Engineer - REMOTE,MUFG,No office location,https://stackoverflow.com/jobs/559433
Senior DevSecOps Engineer - Remote,MUFG,No office location,https://stackoverflow.com/jobs/559427
Senior Cloud Security Engineer,MUFG,"Charlotte, NC",https://stackoverflow.com/jobs/559434
"Full-Stack Developer (JavaScript, Node.JS) - REMOTE",MUFG,No office location,https://stackoverflow.com/jobs/559442
Head of Shipping Data Science (ML),eBay,"Bellevue, WA",https://stackoverflow.com/jobs/565971
"Container Platform Engineer, Vice President",MUFG,No office location,https://stackoverflow.com/jobs/559420
"Cloud Engineer, AVP -Remote",MUFG,No office location,https://stackoverflow.com/jobs/559428
Full Stack Engineer (Mid-level - Python/JavaScript),Night Market,No office location,https://stackoverflow.com/jobs/566449
Senior Security Engineer - REMOTE,MUFG,No office location,https://stackoverflow.com/jobs/559444
Senior Full Stack Engineer (Python/JavaScript),Night Market,No office location,https://stackoverflow.com/jobs/566448
"Director, Shipping Science",eBay,"Bellevue, WA",https://stackoverflow.com/jobs/565970
Senior Ruby on Rails developer,Marketer Technologies AS,"Oslo, Norway",https://stackoverflow.com/jobs/518196
Senior Front-end Developer with React.js,Marketer Technologies AS,"Oslo, Norway",https://stackoverflow.com/jobs/541502
"Senior Software Engineer, Backend - Landscape",Canonical,No office location,https://stackoverflow.com/jobs/551337
Senior Data Engineer (m/f/d),Motius GmbH,"Belgrad, Serbien",https://stackoverflow.com/jobs/566447
Tech Lead Engineering at sustainable start-up (m/f/x) - Munich/Remote,FINN,"München, Germany",https://stackoverflow.com/jobs/541678
Backend Engineer - all levels at sustainable start-up (m/f/x)-Munich or Remote,FINN,"München, Germany",https://stackoverflow.com/jobs/331741
Women in Tech - all levels at sustainable start-up (f/x) - Munich or Remote,FINN,No office location,https://stackoverflow.com/jobs/565648
Platform Engineer,SUSE,No office location,https://stackoverflow.com/jobs/555636
Senior Client Side Developer (m/w/d),Basler AG,"Hamburg, Deutschland",https://stackoverflow.com/jobs/566446
Lead Software Engineer - Python Focus Big Loop Systems (m/f/d),CARIAD,"Ingolstadt, Germany",https://stackoverflow.com/jobs/566377
DevOps Engineer (Remote),Eterlast,"Barcelona, Spain",https://stackoverflow.com/jobs/563090
"Senior Support Engineer, atma.io",atma.io,"Zagreb, Croatia",https://stackoverflow.com/jobs/566442
Senior Software Engineer (Python),HENNGE K.K.,"Tokyo, Japan",https://stackoverflow.com/jobs/555511
Senior Software Engineer (Go),HENNGE K.K.,"Tokyo, Japan",https://stackoverflow.com/jobs/555512
Remote Sr. Frontend Architect (React) - Spekit - High Growth Series B Startup,SpekitviaSource Coders,No office location,https://stackoverflow.com/jobs/566439
Senior Fullstack Engineer (Python/Django/React)- #12 of Top-100 Marketplaces,StyleSeat,No office location,https://stackoverflow.com/jobs/561047
Public Cloud Consultant,Canonical,No office location,https://stackoverflow.com/jobs/551198
Software Engineer Frontend/Fullstack - Media & Services Hub (m/f/d),HolidayCheck Group AG,"München, Deutschland",https://stackoverflow.com/jobs/559404
Senior Software Engineer,Stardog Union,No office location,https://stackoverflow.com/jobs/521448
Ubuntu on WSL Software Engineer,Canonical,No office location,https://stackoverflow.com/jobs/566436
Senior Software Engineer Fullstack Java (m/w/d),SCHUFA Holding AG,"Wiesbaden, Deutschland",https://stackoverflow.com/jobs/566435
Full-Stack Technical Lead,SSENSE,"Montreal, QC, Canada",https://stackoverflow.com/jobs/521742
Head of Engineering (m/f/d),VEACT GmbH,"München, Deutschland",https://stackoverflow.com/jobs/538334
Analytics Engineer,Slido,"Bratislava, Slovakia",https://stackoverflow.com/jobs/555451
Full-Stack Technical Lead,SSENSE,"Austin, TX",https://stackoverflow.com/jobs/521737
"Engineering Director, Community",Canonical,No office location,https://stackoverflow.com/jobs/483511
Kubernetes Engineering Manager,Canonical,No office location,https://stackoverflow.com/jobs/551186
"Senior Data Engineer (Python, Kafka, Airflow)",AMBOSS,"Berlin, Germany",https://stackoverflow.com/jobs/415218
Data Engineer,AudioValley,"Anderlecht, Belgium",https://stackoverflow.com/jobs/559308
System Administrator,AudioValley,"Anderlecht, Belgium",https://stackoverflow.com/jobs/559307
Backend Developer,AudioValley,"Paris, France",https://stackoverflow.com/jobs/518186
Senior Security Analyst (d/m/w) Schwerpunkt IDS und Bedrohungsanalyse,DEVK Versicherungen,"Köln, Deutschland",https://stackoverflow.com/jobs/524954
Senior Software Developer Python (m/f/d),Ströer Online Marketing,"Hamburg, Deutschland",https://stackoverflow.com/jobs/462625
Senior Backend Developer (m/f/d),Enote GmbH,"Berlin, Deutschland",https://stackoverflow.com/jobs/565938
Embedded Linux Consulting Engineering Director,Canonical,No office location,https://stackoverflow.com/jobs/562923
Mobile APP Developers - Leading Electronics Company,Pyronix,"Doncaster, UK",https://stackoverflow.com/jobs/524940
Data Engineer,CGI Suomi,"Helsinki, Finland",https://stackoverflow.com/jobs/559232
Software Engineer (HVM),Intel Corporation,"Kulim, Malaysia",https://stackoverflow.com/jobs/538188
Senior Android Engineer,Livefront,"Minneapolis, MN",https://stackoverflow.com/jobs/521510
Sr. Test Engineer,Rain Bird Corporation,"Tucson, AZ",https://stackoverflow.com/jobs/555341
Software Engineer - Python - Optimise Ubuntu for Public Clouds,Canonical,No office location,https://stackoverflow.com/jobs/561738
Technical Success Manager,SignalWire,No office location,https://stackoverflow.com/jobs/566416
Engineering Manager,AMBOSS,"Berlin, Germany",https://stackoverflow.com/jobs/524863
Data Corn (m/w/d),Breuninger GmbH & Co.,"Stuttgart, Deutschland",https://stackoverflow.com/jobs/432950
DevOps Engineer @ Nozomi Networks,Nozomi Networks,"Mendrisio, Switzerland",https://stackoverflow.com/jobs/555314
Senior iOS Developer,Marks & Spencer,"London, UK",https://stackoverflow.com/jobs/530984
Full-Stack Software Engineer,Marks & Spencer,"London, UK",https://stackoverflow.com/jobs/530982
SRE Lead,Electrolux,"Stockholm, Sweden",https://stackoverflow.com/jobs/559156
(Senior) DevOps Engineer (all genders),Elinvar GmbH,"Berlin, Germany",https://stackoverflow.com/jobs/549092
Senior Security Engineer,IG Group,"London, UK",https://stackoverflow.com/jobs/555193
Data Engineer – Data Warehouse,Shopee Singapore Private Limited,Singapore,https://stackoverflow.com/jobs/565914
Backend Engineer,Passio Inc.,No office location,https://stackoverflow.com/jobs/555177
Data Science - Engineering Manager,Belvo Technologies,No office location,https://stackoverflow.com/jobs/559029
Associate Field Software Engineer - EMEA,Canonical,No office location,https://stackoverflow.com/jobs/471550
Lead Data & Integration Engineer (HProduce) (f/m/d),HeidelbergCement AG,"Heidelberg, Deutschland",https://stackoverflow.com/jobs/537895
"Senior Software Engineer, Embedded Systems (m/f/d)",tado GmbH,No office location,https://stackoverflow.com/jobs/566398
Lead DevOps / SRE Engineer (f/m/d),HeidelbergCement AG,"Heidelberg, Deutschland",https://stackoverflow.com/jobs/555118
Information Security Manager (m/w/d),ABOUT YOU SE & Co. KG,"Hamburg, Deutschland",https://stackoverflow.com/jobs/566395
DevOps / SRE Engineer (f/m/d),HeidelbergCement AG,"Heidelberg, Deutschland",https://stackoverflow.com/jobs/555115
Senior DevOps Engineer,Supermetrics Oy,No office location,https://stackoverflow.com/jobs/559002
QA Analyst (H/F),ENGIE Digital,"Paris, France",https://stackoverflow.com/jobs/528279
Gruppchef inom data science,Säkerhetspolisen,"Stockholm, Sweden",https://stackoverflow.com/jobs/558998
DevOps Engineer  (Jede*r),tarent solutions GmbH,No office location,https://stackoverflow.com/jobs/555101
"Lead Software Engineer, atma.io",atma.io,No office location,https://stackoverflow.com/jobs/566393
Kubernetes Administrator,CYBERTEC PostgreSQL International GmbH,No office location,https://stackoverflow.com/jobs/558995
Linux Kernel Engineer,Canonical,"Taipei, Taiwan",https://stackoverflow.com/jobs/454598
Linux Kernel Engineer,Canonical,No office location,https://stackoverflow.com/jobs/544576
"Senior Software Engineer, Infrastructure, Education",Chan Zuckerberg Initiative,"Redwood City, CA",https://stackoverflow.com/jobs/537683
IT System Administrator / DevOps (f/m/x),ImFusion GmbH,"München, Deutschland",https://stackoverflow.com/jobs/562665
"Senior Software Engineer, Trust, Education",Chan Zuckerberg Initiative,"Redwood City, CA",https://stackoverflow.com/jobs/537679
Experienced Software Engineer,Outschool,No office location,https://stackoverflow.com/jobs/550915
Fully Remote Senior or Staff Software Engineer - Platform9,Platform9viaSource Coders,"Mountain View, CA",https://stackoverflow.com/jobs/566389
Research Scientist with focus on Interventional Ultrasound (f/m/x),ImFusion GmbH,"München, Deutschland",https://stackoverflow.com/jobs/562664
Senior C++ Software Developer,Topic Embedded Systems B.V.,"Best, Netherlands",https://stackoverflow.com/jobs/566387
Software Design Engineer C#,Topic Embedded Systems B.V.,"Best, Netherlands",https://stackoverflow.com/jobs/566386
"IoT / Java, Python Entwickler (w/m/d) - bundesweit & Homeoffice",objective partner AG,"Weinheim, Deutschland",https://stackoverflow.com/jobs/550882
DevOps Engineer (w/m/d) - bundesweit & Homeoffice,objective partner AG,"Weinheim, Deutschland",https://stackoverflow.com/jobs/550881
"Senior Python Software Developer (m/f/d) @ our Partner ADSPERT (Berlin, remote)",solute GmbH,"Berlin, Deutschland",https://stackoverflow.com/jobs/547853
Staff Software Engineer – GPU-Computing Machine Learning (m/f/d),CARIAD,"Wolfsburg, Germany",https://stackoverflow.com/jobs/566378
Automation Developer - Operations,MHR,"Ruddington, UK",https://stackoverflow.com/jobs/544506
Software Engineer (Python AWS),Wizeline,"Phường 12 (Quận 10), Vietnam",https://stackoverflow.com/jobs/487852
Linux Cloud Consultant - Americas,Canonical,No office location,https://stackoverflow.com/jobs/562585
"Senior .Net Developer for ML, Computer Vision and Python Algorithm development",MapLarge,No office location,https://stackoverflow.com/jobs/165235
Software Systems Engineer (80%-100%),Open Systems AG,"Zürich, Switzerland",https://stackoverflow.com/jobs/550751
Senior Backend Engineer,Omnivore Technologies,No office location,https://stackoverflow.com/jobs/558774
Cyber Mitigations Analyst/System Vulnerability Analyst - Entry to Expert Level,National Security Agency,"Fort Meade, MD",https://stackoverflow.com/jobs/565898
Computer Scientist - Development Programs - Entry/ Mid-Level,National Security Agency,"Fort Meade, MD",https://stackoverflow.com/jobs/565896
Senior DevOps Engineer,Supermetrics Oy,No office location,https://stackoverflow.com/jobs/565891
Senior Full Stack Software Engineer,kaliber.ai,"San Francisco, CA",https://stackoverflow.com/jobs/251476
Senior Android Developer,Marks & Spencer,"London, UK",https://stackoverflow.com/jobs/530799
Senior Software Engineer (Java)- Database Services,Mimecast,"London, UK",https://stackoverflow.com/jobs/558741
Senior Software Engineer (Java) – Analytics & Data Infrastructure Team,Mimecast,"London, UK",https://stackoverflow.com/jobs/558740
Senior Software Engineer - Data Lake,Mimecast,"London, UK",https://stackoverflow.com/jobs/558739
Software Entwickler (m/w/d),NOVOMATIC AG,"Gumpoldskirchen, Österreich",https://stackoverflow.com/jobs/554829
"Full Stack Developer, Automation Engine",Elisa Polystar,"Helsinki, Finland",https://stackoverflow.com/jobs/558730
Lead Data Scientist,Singapore Innovate Pte. Ltd,Singapore,https://stackoverflow.com/jobs/565885
"Lead Engineer – SRE, Automation",LMAX Group,"London, UK",https://stackoverflow.com/jobs/544001
Senior Software Engineer,ZAIKO K.K.,"Minato City, Japan",https://stackoverflow.com/jobs/524414
"Senior Manager of Software Engineering, Data Platform (Remote Eligible)",Flyr Inc,"Los Angeles, CA",https://stackoverflow.com/jobs/530715
Software Engineer (Network Software),SpaceX,"Hawthorne, CA",https://stackoverflow.com/jobs/562442
Sr. Software Engineer,SpaceX,"Hawthorne, CA",https://stackoverflow.com/jobs/562441
Sr. DevOps Engineer,SpaceX,"Hawthorne, CA",https://stackoverflow.com/jobs/562440
QA Devops Engineer - Open Source Database Solutions (remote),Percona Staffing LLC,No office location,https://stackoverflow.com/jobs/562423
Senior Backend Architect (m/f/d),Motius GmbH,"München, Deutschland",https://stackoverflow.com/jobs/565858
Scala Engineer,Snowplow Analytics,No office location,https://stackoverflow.com/jobs/562416
"Software Engineering Manager, Seattle WA",MSCI,"Seattle, WA",https://stackoverflow.com/jobs/565855
Software Engineer - Machine Learning Team (Python/C++) (m/w/d),Volume Graphics GmbH,"Heidelberg, Deutschland",https://stackoverflow.com/jobs/550558
Senior DevOps Engineer (Remote),Slido,No office location,https://stackoverflow.com/jobs/519933
Senior DevOps Engineer (m/f/d) for Supply Chain Cloud Solutions,SupplyOn AG,"Dresden, Deutschland",https://stackoverflow.com/jobs/513203
Integration App Product Engineer,SyncSmart.io (by LyntonWeb.com),No office location,https://stackoverflow.com/jobs/519804
Software Engineer,Intel Corporation,"Hillsboro, OR",https://stackoverflow.com/jobs/530570
Sustaining Operations Engineer,Canonical,No office location,https://stackoverflow.com/jobs/566371
"Senior Software Engineer, Integration QA, Python",Canonical,No office location,https://stackoverflow.com/jobs/519661
Forensic Software/Web Developer (Entry and Mid Levels) - OCONUS Deployable,"Cipher Tech Solutions, Inc","Tampa, FL",https://stackoverflow.com/jobs/562286
Senior Software Engineer - Material Analysis Team (C++) (m/w/d),Volume Graphics GmbH,"Heidelberg, Deutschland",https://stackoverflow.com/jobs/163095
CDI -  Senior Developper - Rennes,Steeple,"Rennes, France",https://stackoverflow.com/jobs/530505
(Junior) Softwareentwickler - Java / Golang / Cloud - (w/m/d),GoCaspi GmbH,No office location,https://stackoverflow.com/jobs/566363
Senior DevOps Engineer (Nordic or Germany),Nets Group,"Helsingfors, Finland",https://stackoverflow.com/jobs/565836
Software Engineering Manager,iptiQ by Swiss Re,"Hoofddorp, Netherlands",https://stackoverflow.com/jobs/472051
"Site Reliability Engineer, Kubernetes",camunda,No office location,https://stackoverflow.com/jobs/550386
"Software Engineering Manager - Selection Domain, Core Order (w/m/d)",Delivery Hero SE,"Berlin, Germany",https://stackoverflow.com/jobs/562276
Web Developer,Helmholtz-Zentrum hereon GmbH,"Geesthacht, Deutschland",https://stackoverflow.com/jobs/566360
Sr. Signal Integrity Engineer,Intel Corporation,"Shanghai, China",https://stackoverflow.com/jobs/543848
Graphics Software Engineer,Intel Corporation,"Shanghai, China",https://stackoverflow.com/jobs/543846
Deep Learning System Frameworks Engineer,Intel Corporation,"Shanghai, China",https://stackoverflow.com/jobs/543845
"DevOps Engineer, Cloud Data Warehouse",ByteDance,Singapore,https://stackoverflow.com/jobs/550284
Cloud Software Engineer,Intel Corporation,"Guadalajara, Mexico",https://stackoverflow.com/jobs/536886
Security Engineer,Outschool,No office location,https://stackoverflow.com/jobs/566357
Software Engineer - Python - Kubernetes,Canonical,No office location,https://stackoverflow.com/jobs/566356
MariaDB Fully Remote Site Reliability Engineering Opportunity,MariaDBviaSource Coders,No office location,https://stackoverflow.com/jobs/566355
Data Engineer for Insurtech Startup,iptiQ by Swiss Re,"Hoofddorp, Netherlands",https://stackoverflow.com/jobs/471200
Backend Software Engineer for leading insurtech start-up,iptiQ by Swiss Re,"Hoofddorp, Netherlands",https://stackoverflow.com/jobs/472052
DevOps Engineer - 100% Remote,Disy Informationssysteme GmbH,"Karlsruhe, Deutschland",https://stackoverflow.com/jobs/383260
Senior DevOps Engineer,Self Decode,No office location,https://stackoverflow.com/jobs/566351
Senior Software Engineer - Launchpad,Canonical,No office location,https://stackoverflow.com/jobs/530389
"Principal Software Engineer, Data (Python & pandas) - London",Synthace Ltd.,"London, UK",https://stackoverflow.com/jobs/554536
Backend Software Engineer,Contovista,"Schlieren, Switzerland",https://stackoverflow.com/jobs/536774
"Softwarearchitekt Digitale Signalverarbeitung, Software Defined Radio (m/w/d)",Rheinmetall,"Bremen, Deutschland",https://stackoverflow.com/jobs/560043
Product Owner Smart O&M (H/F),ENGIE Digital,"Paris, France",https://stackoverflow.com/jobs/554454
"Data Engineer (Python, ETL)",Finsera,No office location,https://stackoverflow.com/jobs/536631
Field Software Engineer - APAC,Canonical,No office location,https://stackoverflow.com/jobs/512382
"Site Reliability Engineer, Americas",Canonical,No office location,https://stackoverflow.com/jobs/454608
R&D Full Stack Software Engineer (Experienced),Sandia National Laboratories,"Albuquerque, NM",https://stackoverflow.com/jobs/566344
Deployment Engineer / Solutions Architect,Enveil,"Fulton, MD",https://stackoverflow.com/jobs/319752
DevOps Engineer - High Performance Computing (Mid-Career),Sandia National Laboratories,"Albuquerque, NM",https://stackoverflow.com/jobs/566341
Research Scientist,"Edgestream Partners, L.P.","Princeton, NJ",https://stackoverflow.com/jobs/518607
Python-Entwickler (w/m/d),parcIT GmbH,"Köln, Germany",https://stackoverflow.com/jobs/566326
Security Engineer - APPSEC (f/m/x),PPRO,"München, Germany",https://stackoverflow.com/jobs/554399
Sr Cloud Engineer,RapDev.io,"Boston, MA",https://stackoverflow.com/jobs/565781
Automotive Security Engineer (m/w/d),Method Park,"Erlangen, Deutschland",https://stackoverflow.com/jobs/558406
Backend Engineer (Python/ Django),Sector Labs,"Dubai, United Arab Emirates",https://stackoverflow.com/jobs/518496
Full Stack Engineer (React & Django),Sector Labs,"Cluj-Napoca, Romania",https://stackoverflow.com/jobs/518486
"Product Manager, Data & Analytics Solutions (Campus)",Azendian Solutions Pte. Ltd.,Singapore,https://stackoverflow.com/jobs/565767
Technical Support Engineer,Odoo,"San Francisco, CA",https://stackoverflow.com/jobs/558070
Full Stack Engineer,Odoo,"Buffalo, NY",https://stackoverflow.com/jobs/558069
Software Engineer @ Enveil,Enveil,"Fulton, MD",https://stackoverflow.com/jobs/166432
Python Developer (Remote),Finsera,No office location,https://stackoverflow.com/jobs/524065
Software Engineer - MAAS,Canonical,No office location,https://stackoverflow.com/jobs/566318
"Senior IoT Developer (M/W/D/) Python, C++",VISPIRON CHARGE-V GmbH,"München, Deutschland",https://stackoverflow.com/jobs/524044
"Software Engineering, VP - New York, NY - Banking - Finance - JAVA - AWS - AZURE",MUFG,"New York, NY",https://stackoverflow.com/jobs/566312
"Report Automation Lead - Jersey City, NJ - Bachelors - Leadership",MUFG,"Jersey City, NJ",https://stackoverflow.com/jobs/566311
"Software Engineer Lead, Vice President - New York, NY - Banking - Financial",MUFG,"New York, NY",https://stackoverflow.com/jobs/566310
"Software Engineering, AVP - Hybrid, Charlotte, NC, CI/CD principle, Atlassian",MUFG,"Charlotte, NC",https://stackoverflow.com/jobs/566302
"Sr. Capacity and Performance Engineer - remote, financial services industry",MUFG,No office location,https://stackoverflow.com/jobs/566300
"CBT Infrastructure AVP, Tempe, AZ, AWS, Linux, project management, scripting",MUFG,"Tempe, AZ",https://stackoverflow.com/jobs/566299
"Insider Threat Engineer, Remote, Banking, Finance, Python, information security",MUFG,No office location,https://stackoverflow.com/jobs/566297
"Full-Stack Developer (JavaScript, Node.JS) - REMOTE",MUFG,No office location,https://stackoverflow.com/jobs/566296
Softwareentwickler C++ (m/w/d) Prüfstandsautomatisierung,APL Automobil-Prüftechnik Landau GmbH,"Landau in der Pfalz, Deutschland",https://stackoverflow.com/jobs/526623
DevOps Engineer,Higher Logic,No office location,https://stackoverflow.com/jobs/566273
"Full-Stack Developer, Research & Development",Houston Astros Baseball R&D,"Houston, TX",https://stackoverflow.com/jobs/536288
Deep Learning Engineer,SQUAD,"Kyiv, Ukraine",https://stackoverflow.com/jobs/518177
A 'jack-of-all-trades' for an Agile team - Python Dev/ Tech Lead/ Scrum Master,Pentalog,"Hanoi, Vietnam",https://stackoverflow.com/jobs/554242
Lead Tech SEO Manager (d/f/m),Stylight,"München, Deutschland",https://stackoverflow.com/jobs/566291
Senior Software Engineer – Container Ecosystem,SUSE,No office location,https://stackoverflow.com/jobs/554241
Software Developer,SUSE,No office location,https://stackoverflow.com/jobs/558030
Data Engineer,Hubs,"Amsterdam, Netherlands",https://stackoverflow.com/jobs/558873
Backend Software Engineer - Python,Hubs,"Amsterdam, Netherlands",https://stackoverflow.com/jobs/543394
LEAD INSTRUCTOR - DATA SCIENCE [full time || part time],WBS Gruppe,No office location,https://stackoverflow.com/jobs/529936
"SENIOR FULL-STACK DEV WITH RUBY / PYTHON / REACT NATIVE -- 100% REMOTE, FLEXIBLE",Analytics Fire,No office location,https://stackoverflow.com/jobs/517987
"Backend Tech Lead, Customer Service Platform",ByteDance,Singapore,https://stackoverflow.com/jobs/553813
Devops Engineer - Infrastructure Engineering,ByteDance,Singapore,https://stackoverflow.com/jobs/553812
Site Reliability Engineer (Applied Machine Learning),ByteDance,Singapore,https://stackoverflow.com/jobs/553811
Site Reliability Engineer - Infrastructure Engineering,ByteDance,Singapore,https://stackoverflow.com/jobs/553810
Cloud Infrastructure Engineer,Relay42,"Amsterdam, Netherlands",https://stackoverflow.com/jobs/407421
Machine Learning Engineer,Relay42,"Amsterdam, Netherlands",https://stackoverflow.com/jobs/469169
"VP, Software Engineering",Canonical,No office location,https://stackoverflow.com/jobs/553806
Senior Fullstack Engineer,AMBOSS,"Berlin, Germany",https://stackoverflow.com/jobs/557771
Senior Software Engineer for growing VC-backed UK startup (based in UK/Europe),Snowplow Analytics,No office location,https://stackoverflow.com/jobs/536083
Senior QA Engineer (m/f/d),Relayr,"Berlin, Germany",https://stackoverflow.com/jobs/561711
Embedded Software Engineer,Sonova AG,"Stäfa, Schweiz",https://stackoverflow.com/jobs/566268
Lead Data Engineer (m/f/x),Scalable Capital GmbH,"München, Deutschland",https://stackoverflow.com/jobs/536037
NLP Developer,"Yaraku, Inc.",No office location,https://stackoverflow.com/jobs/286235
Software Engineer,Intel Corporation,"Hillsboro, OR",https://stackoverflow.com/jobs/530206
"Senior Data Engineer - Consult with great companies, technologies and solutions",Pinnacle Solutions Group,"Nashville, TN",https://stackoverflow.com/jobs/515696
Software Engineer,Intel Corporation,"Hillsboro, OR",https://stackoverflow.com/jobs/530205
Network Software Engineer,Intel Corporation,"Austin, TX",https://stackoverflow.com/jobs/530203
Ethernet Technologies RDMA Software Applications Engineer,Intel Corporation,"Austin, TX",https://stackoverflow.com/jobs/530201
Ethernet Manageability Applications Engineer,Intel Corporation,"Austin, TX",https://stackoverflow.com/jobs/530200
Ethernet Technologies Software Applications Engineer - DPDK,Intel Corporation,"Hillsboro, OR",https://stackoverflow.com/jobs/530199
Software Engineer - Silicon Product Design,Intel Corporation,"Hillsboro, OR",https://stackoverflow.com/jobs/530198
Cloud Software Engineer,Intel Corporation,"Hillsboro, OR",https://stackoverflow.com/jobs/530195
Senior Cloud Software Services Architect,Intel Corporation,"Hillsboro, OR",https://stackoverflow.com/jobs/530190
Software Engineers,Lightmatter,No office location,https://stackoverflow.com/jobs/565756
Senior DevOps Engineer,The Orchard,"London, UK",https://stackoverflow.com/jobs/543315
Software Engineer,The Orchard,"London, UK",https://stackoverflow.com/jobs/543314
"Tech Lead, Machine Learning Evaluation",McD Tech Labs,"Mountain View, CA",https://stackoverflow.com/jobs/523812
"Staff Software Engineer, Applied AI",McD Tech Labs,"Mountain View, CA",https://stackoverflow.com/jobs/523807
Software Engineer in Test,McD Tech Labs,"Mountain View, CA",https://stackoverflow.com/jobs/523806
"Data Scientist, Machine Learning Evaluation",McD Tech Labs,"Mountain View, CA",https://stackoverflow.com/jobs/523805
"Tech Lead, Python Systems Engineering",McD Tech Labs,"Mountain View, CA",https://stackoverflow.com/jobs/523801
"Tech Lead, Data Infrastructure",McD Tech Labs,"Mountain View, CA",https://stackoverflow.com/jobs/523800
"Senior Software Engineer, Language",McD Tech Labs,"Mountain View, CA",https://stackoverflow.com/jobs/523798
Data Engineer,McD Tech Labs,"Mountain View, CA",https://stackoverflow.com/jobs/523793
Senior Backend Engineer,McD Tech Labs,"Mountain View, CA",https://stackoverflow.com/jobs/523791
Cloud Software Developer,Intel Corporation,"Guadalajara, Mexico",https://stackoverflow.com/jobs/557644
Full Stack Software Developer,Limelyte Technology Group,"Spokane, WA",https://stackoverflow.com/jobs/565751
"Go Software Engineer, Commercial Systems",Canonical,No office location,https://stackoverflow.com/jobs/561428
Full Stack Engineer,Zattoo,"Berlin, Germany",https://stackoverflow.com/jobs/565749
"Arista Networks is hiring Front End Engineer for Dublin office(JS, React+Redux)","Arista Networks, Inc","Dublin, Ireland",https://stackoverflow.com/jobs/482910
Site Reliability Engineer,Zattoo,"Berlin, Germany",https://stackoverflow.com/jobs/565748
Senior Machine Learning/ Deep Learning Engineer (m/f/d),Motius GmbH,"München, Deutschland",https://stackoverflow.com/jobs/565744
Senior Software Engineer,Slimmer AI,"Groningen, Netherlands",https://stackoverflow.com/jobs/561547
Senior Data Engineer - Remote,Didomi,"Paris, France",https://stackoverflow.com/jobs/557607
*REMOTE* Lead (Senior) Kotlin & Java Engineer (m/f/x) High-Load Search-Engine,"AVANTGARDE - ""Creating Fans""",No office location,https://stackoverflow.com/jobs/529656
"3D Pipeline Engineer (Python, Blender)",Geomagical Labs,"Mountain View, CA",https://stackoverflow.com/jobs/565737
Senior Solutions Architect/Data Architect,Intel Corporation,"Hillsboro, OR",https://stackoverflow.com/jobs/530028
Senior Software Engineers,Lightmatter,No office location,https://stackoverflow.com/jobs/523002
Senior 3D Graphics Engineer,Geomagical Labs,"Mountain View, CA",https://stackoverflow.com/jobs/565733
Senior Full Stack Engineer,Sector Labs,"Cluj-Napoca, Romania",https://stackoverflow.com/jobs/517510
Senior Full Stack Engineer (Remote),Sector Labs,No office location,https://stackoverflow.com/jobs/517508
JR0178225 OpenIPC Senior Software Engineer,Intel Corporation,"Hillsboro, OR",https://stackoverflow.com/jobs/542196
"Junior IoT Developer (M/W/D) Python, C++",VISPIRON CHARGE-V GmbH,"München, Deutschland",https://stackoverflow.com/jobs/548810
Cloud Native Senior Software Engineer,Intel Corporation,"Dublin, Ireland",https://stackoverflow.com/jobs/548771
Python Engineer,Intel Corporation,"Gdańsk, Poland",https://stackoverflow.com/jobs/529943
Cloud Software Engineer,Intel Corporation,"Gdańsk, Poland",https://stackoverflow.com/jobs/529942
Software Architect Lead,WeLab Bank Limited,Hong Kong,https://stackoverflow.com/jobs/565713
Software Validation Engineer,Intel Corporation,"Gdańsk, Poland",https://stackoverflow.com/jobs/529939
Senior Backend Engineer,Singapore Innovate Pte. Ltd,Singapore,https://stackoverflow.com/jobs/561308
Site Reliability Engineer III,"Wikimedia Foundation, Inc.",No office location,https://stackoverflow.com/jobs/566260
Senior Site Reliability Engineer (ServiceOps),"Wikimedia Foundation, Inc.",No office location,https://stackoverflow.com/jobs/566259
DevOps Engineer,SignalWire,No office location,https://stackoverflow.com/jobs/561307
Senior DevOps Engineer,Tradeshift,"Bucharest, Romania",https://stackoverflow.com/jobs/526929
Senior Full-Stack Engineer with Node.js - Tradeshift Go,Tradeshift,"Bucharest, Romania",https://stackoverflow.com/jobs/526924
Senior Data Engineer E-Commerce (m/w/d),Peek & Cloppenburg,"Düsseldorf, Germany",https://stackoverflow.com/jobs/565672
"Senior Java Engineer - Consult with great companies, technologies and solutions",Pinnacle Solutions Group,"Charlotte, NC",https://stackoverflow.com/jobs/197952
Analyste solution/ Chef de projet déploiement Smart O&M (H/F),ENGIE Digital,"Paris, France",https://stackoverflow.com/jobs/548602
Senior DevOps Platform Engineer,Blinks Labs GmbH,"Berlin, Germany",https://stackoverflow.com/jobs/565687
Backend Engineer - Tradeshift Engage,Tradeshift,"Aarhus, Denmark",https://stackoverflow.com/jobs/526909
(Junior) Data Engineer (m/f/x) onsite or remote (in Germany),Scalable Capital GmbH,"München, Deutschland",https://stackoverflow.com/jobs/516327
Senior Software Engineer - Cloud Engineering,Canonical,No office location,https://stackoverflow.com/jobs/535495
Softwareentwickler*in (m/w/x) (Vollzeit),Orendt Studios GmbH,"Hamburg, Deutschland",https://stackoverflow.com/jobs/565680
Senior DevOps Engineer (Cloud Solutions),Coda Payments,No office location,https://stackoverflow.com/jobs/565675
Software Engineer IoT (m/w/d),Stadtwerke München GmbH,"München, Deutschland",https://stackoverflow.com/jobs/516781
Staff Site Reliability Engineer (Traffic),"Wikimedia Foundation, Inc.",No office location,https://stackoverflow.com/jobs/566247
Senior DevOps Engineer - Data Operations,"Sailpoint Technologies, Inc.",No office location,https://stackoverflow.com/jobs/557351
Cloud Engineer,Olo,No office location,https://stackoverflow.com/jobs/516558
Business Intelligence Engineer (all genders),asgoodasnew electronics GmbH,"Berlin, Deutschland",https://stackoverflow.com/jobs/565661
Senior Data Engineer - Python Technologies,Capital Group,"Irvine, CA",https://stackoverflow.com/jobs/538626
Senior Solutions Engineer - AWS,Capital Group,"San Antonio, CA",https://stackoverflow.com/jobs/538629
Data Engineer,Capital Group,"Irvine, CA",https://stackoverflow.com/jobs/558026
Machine Learning Engineer,"Betterup, Inc.",No office location,https://stackoverflow.com/jobs/523562
Data Engineer,"Betterup, Inc.",No office location,https://stackoverflow.com/jobs/523557
C Embedded Engineer,SQUAD,"Kyiv, Ukraine",https://stackoverflow.com/jobs/516403
Lead Full-Stack Software Engineer (Tech Lead) (f/m/d),HeidelbergCement AG,"Heidelberg, Deutschland",https://stackoverflow.com/jobs/557326
Django Engineer (human) for Germany's leading local marketing platform,RegioHelden GmbH,"Stuttgart, Germany",https://stackoverflow.com/jobs/565651
Data Engineer,Coda Payments,No office location,https://stackoverflow.com/jobs/557317
"Algorithm Engineer, Enterprise Partnership & Solutions",ByteDance,Singapore,https://stackoverflow.com/jobs/523517
Python Software Engineer - International growing scale-up!,Channable,"Utrecht, Netherlands",https://stackoverflow.com/jobs/265091
"Interview Engineer (Remote, Israel)",Karat.com,No office location,https://stackoverflow.com/jobs/565628
Back-End Software Engineer,HENNGE K.K.,"Tokyo, Japan",https://stackoverflow.com/jobs/380985
Front-End Software Engineer,HENNGE K.K.,"Tokyo, Japan",https://stackoverflow.com/jobs/381280
Full stack software engineer,Ailo,"Melbourne, Australia",https://stackoverflow.com/jobs/372382
Software Engineer,Reaktor,"Lisboa, Portugal",https://stackoverflow.com/jobs/553136
Full-Stack Junior Software Engineer,Automation Consultants,"Reading, UK",https://stackoverflow.com/jobs/516045
Systems Engineer,LMAX Group,"London, UK",https://stackoverflow.com/jobs/535022
Backend Software Engineer,Armored Things,"Boston, MA",https://stackoverflow.com/jobs/322319
LMAX Software Developer (Core Java),LMAX Group,"London, UK",https://stackoverflow.com/jobs/181651
Cloud Engineer Linux,team.blue NL B.V.,"Rotterdam, Netherlands",https://stackoverflow.com/jobs/523426
"Software Engineer, Speech & Audio",ByteDance,Singapore,https://stackoverflow.com/jobs/553106
"Site Reliability Engineer, Recommendation Architecture",ByteDance,Singapore,https://stackoverflow.com/jobs/553104
"Tech Lead Engineering Manager, Business Integrity",ByteDance,Singapore,https://stackoverflow.com/jobs/553100
"Full Stack Software Engineer, Business Integrity",ByteDance,Singapore,https://stackoverflow.com/jobs/553099
Senior Software Engineer,Linewize by Family Zone,"Abbotsford, Australia",https://stackoverflow.com/jobs/551649
"Backend Software Engineer, Business Integrity",ByteDance,Singapore,https://stackoverflow.com/jobs/553036
"Frontend Software Engineer, Business Integrity",ByteDance,Singapore,https://stackoverflow.com/jobs/553035
"Interview Engineer (Remote, United Kingdom)",Karat.com,No office location,https://stackoverflow.com/jobs/565630
"Interview Engineer (Remote, Mexico)",Karat.com,No office location,https://stackoverflow.com/jobs/565629
"Interview Engineer (Remote, Germany)",Karat.com,No office location,https://stackoverflow.com/jobs/565627
"Interview Engineer (Remote, Canada)",Karat.com,No office location,https://stackoverflow.com/jobs/565626
"Interview Engineer (Remote, Australia)",Karat.com,No office location,https://stackoverflow.com/jobs/565625
"Interview Engineer (Remote, South Africa)",Karat.com,No office location,https://stackoverflow.com/jobs/565624
"Software Engineer, Python&TypeScript",Chaturbate,No office location,https://stackoverflow.com/jobs/566212
Open Source Software Lead (Cloud Native),Intel Corporation,"Dublin, Ireland",https://stackoverflow.com/jobs/553034
Python Web Application Developer (Entry or Mid Level),"Cipher Tech Solutions, Inc",No office location,https://stackoverflow.com/jobs/561032
Staff Site Reliability Engineer,McD Tech Labs,"Mountain View, CA",https://stackoverflow.com/jobs/534770
React Front End Developer,"Daupler, Inc.","Kansas City, MO",https://stackoverflow.com/jobs/523351
Lead Software Engineer in Test (Automation),Chaturbate,No office location,https://stackoverflow.com/jobs/566211
"Python Back End Developer (FastAPI, Django, Celery)","Daupler, Inc.","Kansas City, MO",https://stackoverflow.com/jobs/523350
Python Engineer,McD Tech Labs,"Mountain View, CA",https://stackoverflow.com/jobs/534766
"Senior Java Engineer - Consult with great companies, technologies and solutions",Pinnacle Solutions Group,"Nashville, TN",https://stackoverflow.com/jobs/196742
Python Software Engineer,Sav.com,"Chicago, IL",https://stackoverflow.com/jobs/515692
QA Tester,Self Decode,No office location,https://stackoverflow.com/jobs/561041
Node.js Developer (Remote),Soshace LLC,No office location,https://stackoverflow.com/jobs/566208
Mobile React Native Developer (Remote),Soshace LLC,No office location,https://stackoverflow.com/jobs/566209
Frontend React.js Developer (Remote),Soshace LLC,No office location,https://stackoverflow.com/jobs/566207
Software Engineer (Migration),Odoo,"San Francisco, CA",https://stackoverflow.com/jobs/472407
Software Engineer,Odoo,"Ciudad de México, Mexico",https://stackoverflow.com/jobs/472421
Full Stack Engineer,Odoo,"San Francisco, CA",https://stackoverflow.com/jobs/524056
Senior Machine Learning Engineer - OPEN TO REMOTE,The RealReal,"San Francisco, CA",https://stackoverflow.com/jobs/557022
Engineering Technical Recruiter,QuantCo,"Berlin, Deutschland",https://stackoverflow.com/jobs/553016
Frontend Engineer (m/w/d),QuantCo,"Karlsruhe, Deutschland",https://stackoverflow.com/jobs/553014
Expert / Senior Principal Methodology Statistician (MSTAT),Choose Your Challenge - Data Careers at Boehringer Ingelheim,"Biberach, Germany",https://stackoverflow.com/jobs/566203
Consultant (m/w/d) - Digital Forensics/Cyber Forensics,Deloitte Deutschland,"Düsseldorf, Germany",https://stackoverflow.com/jobs/566199
Backend Developer with Cloud experience,Accenture Romania,No office location,https://stackoverflow.com/jobs/534721
Remote Fullstack Entwicklerin (m/w/d),Ambient,"Köln, Deutschland",https://stackoverflow.com/jobs/552969
DevOps Manager/Architect,Self Decode,No office location,https://stackoverflow.com/jobs/557000
Software Designer,Topic Embedded Systems B.V.,"Best, Netherlands",https://stackoverflow.com/jobs/566186
(Junior) Consultant (m/w/d) - IT Implementierungsspezialist / Global Employer Se,Deloitte Deutschland,"Düsseldorf, Deutschland",https://stackoverflow.com/jobs/556992
"Senior Software Engineer, Python",Chaturbate,"San Francisco, CA",https://stackoverflow.com/jobs/566183
Cloud Platform Engineer (d/m/w) Data & Analytics,DEVK Versicherungen,"Köln, Deutschland",https://stackoverflow.com/jobs/526685
Senior Software Developer (Full Stack),Jewel Paymentech Pte Ltd,Singapore,https://stackoverflow.com/jobs/534474
Senior Data Engineer (Fully Remote),Call Simulator,"Tallahassee, FL",https://stackoverflow.com/jobs/566182
Lead Software Development Engineer in Test (SDET) - #12 of Top-100 Marketplaces,StyleSeat,No office location,https://stackoverflow.com/jobs/561459
Field Software Engineer - EMEA,Canonical,No office location,https://stackoverflow.com/jobs/501791
Data Platform Architect,Octopus Energy,"London, UK",https://stackoverflow.com/jobs/541302
Software Engineer - Build the next generation of AI platform,Signal AI,"London, UK",https://stackoverflow.com/jobs/246027
Web Engineer,Signal AI,"London, UK",https://stackoverflow.com/jobs/273615
DevOps - System Admin (Remote),iubenda,"Milan, Italy",https://stackoverflow.com/jobs/566171
DevOps Lead,Which?,"London, UK",https://stackoverflow.com/jobs/556891
Senior SOC Engineer (Remote - Canada),Open Systems AG,"Vancouver, BC, Canada",https://stackoverflow.com/jobs/548058
Senior Security Engineer,Open Systems AG,"Noida, India",https://stackoverflow.com/jobs/548050
Senior SOC Engineer,Open Systems AG,"Zürich, Switzerland",https://stackoverflow.com/jobs/548049
Python Entwickler*in Remote (f/m/d),Ambient,"Köln, Deutschland",https://stackoverflow.com/jobs/493874
Python Developer (Remote),X-Team,No office location,https://stackoverflow.com/jobs/534454
Data Engineer (Remote),X-Team,No office location,https://stackoverflow.com/jobs/534443
Lead AI Engineer,Singapore Innovate Pte. Ltd,Singapore,https://stackoverflow.com/jobs/560743
DevSecOps Consultant,Ensign InfoSecurity (Cybersecurity) Pte Ltd,Singapore,https://stackoverflow.com/jobs/534274
Staff Software Engineer,BillionToOne,"Menlo Park, CA",https://stackoverflow.com/jobs/565619
System Architect,Tucows,No office location,https://stackoverflow.com/jobs/560728
Build/Release Engineer,Tausight,No office location,https://stackoverflow.com/jobs/556779
Senior Software Engineer (Risk Management),tastyworks,"Chicago, IL",https://stackoverflow.com/jobs/556772
Software Engineer - Docker Images & Community,Canonical,No office location,https://stackoverflow.com/jobs/534266
System Engineer (f/m/d) Kubernetes,ADITION technologies AG,"Freiburg im Breisgau, Deutschland",https://stackoverflow.com/jobs/525462
(Senior) Backend Developer (f/m/d) Big Data,ADITION technologies AG,"Freiburg im Breisgau, Deutschland",https://stackoverflow.com/jobs/304655
Data Center Engineer (Greater Boston Area),Canonical,"Boston, MA",https://stackoverflow.com/jobs/556753
Senior Software Engineer,Administrate,No office location,https://stackoverflow.com/jobs/522941
Senior Software Engineer,Administrate,No office location,https://stackoverflow.com/jobs/522940
Senior Software Engineer,Administrate,"Edinburgh, UK",https://stackoverflow.com/jobs/522939
"Site Reliability Engineer, Video Infrastructure",ByteDance,Singapore,https://stackoverflow.com/jobs/547753
"Backend Software Engineer, Video Infrastructure",ByteDance,Singapore,https://stackoverflow.com/jobs/547751
Senior DevOps Engineer Consultant |  Full-time or Contract | Remote,Copado Strategic Services,No office location,https://stackoverflow.com/jobs/517961
Solutions Architect | Senior Consultant | DevOps | Remote,Copado Strategic Services,No office location,https://stackoverflow.com/jobs/517847
"Senior Support & Software Engineer, NY Metro Area (AMERICAS)",Canonical,No office location,https://stackoverflow.com/jobs/534711
"Senior Support & Software Engineer, Tokyo (Remote)",Canonical,No office location,https://stackoverflow.com/jobs/534042
"Cloud Operations Engineer, APAC",Canonical,No office location,https://stackoverflow.com/jobs/526213
Embedded Software Development Engineer,Baker Hughes,"Groby, UK",https://stackoverflow.com/jobs/560598
Backend Developer,Octopus Energy,"London, UK",https://stackoverflow.com/jobs/197943
Werkstudent Software Engineering Data & ML (m/w/d),QuantCo,"Karlsruhe, Deutschland",https://stackoverflow.com/jobs/328986
Data Scientist (m/w/d) mit Schwerpunkt mathematische Modellierung,NETZSCH Process Intelligence GmbH,"Selb, Deutschland",https://stackoverflow.com/jobs/565605
Fullstack Software Engineer (m/w/d),NETZSCH Process Intelligence GmbH,"Selb, Deutschland",https://stackoverflow.com/jobs/565604
Data Scientist (m/w/d),NETZSCH Process Intelligence GmbH,"Selb, Deutschland",https://stackoverflow.com/jobs/565602
Data Analytics Strategist – HConnect (f/m/d),HeidelbergCement AG,"Heidelberg, Deutschland",https://stackoverflow.com/jobs/546689
"Backend Tech Lead, Customer Service Platform",ByteDance,Singapore,https://stackoverflow.com/jobs/546681
Senior IIoT Software Architect (m/f/d),Wiferion GmbH,"Freiburg im Breisgau, Deutschland",https://stackoverflow.com/jobs/565598
Site Reliability Engineer - Terraform,SpotMe,No office location,https://stackoverflow.com/jobs/308372
Operations Engineer / Linux Administrator (m/f/d),AnyDesk Software GmbH,"Stuttgart, Deutschland",https://stackoverflow.com/jobs/565597
Test Process and Module Engineer (Platform),Intel Corporation,"George Town, Malaysia",https://stackoverflow.com/jobs/552555
Software Integration AI Engineer,Intel Corporation,"George Town, Malaysia",https://stackoverflow.com/jobs/552554
Software Test Automation Specialist (m/w/x),ZEISS Group,"München, Deutschland",https://stackoverflow.com/jobs/541069
Ecosystems Software Engineer,Intel Corporation,"George Town, Malaysia",https://stackoverflow.com/jobs/552553
Software Engineer,Intel Corporation,"Shanghai, China",https://stackoverflow.com/jobs/540589
Sr. Data Engineer - #12 of Top-100 Marketplaces,StyleSeat,No office location,https://stackoverflow.com/jobs/525037
Senior iOS engineer - ux + video,SmileDirectClub,No office location,https://stackoverflow.com/jobs/546573
Senior .Net Engineer,Pinnacle Solutions Group,"Charlotte, NC",https://stackoverflow.com/jobs/546564
Senior Full Stack Engineer,Versatile Natures,"Tel Aviv-Yafo, Israel",https://stackoverflow.com/jobs/513775
"Senior Data Engineer, People Analytics (f/m/d)",Delivery Hero SE,"Berlin, Germany",https://stackoverflow.com/jobs/566147
Senior Data Engineer,Supermetrics Oy,"Helsinki, Finland",https://stackoverflow.com/jobs/546539
Linux Developer Experience Lead,Canonical,No office location,https://stackoverflow.com/jobs/565542
Java Software Engineer,IMC Trading,"Amsterdam, Netherlands",https://stackoverflow.com/jobs/122570
Senior Software Development Engineer in Test (SDET),Creative Assembly,"Horsham, UK",https://stackoverflow.com/jobs/513451
C++ Software Engineer - Amsterdam,IMC Trading,"Amsterdam, Netherlands",https://stackoverflow.com/jobs/126614
"Mathematiker, Physiker, Ing. Luft- und Raumfahrttech., Maschinenbau o.ä. (w/m/d)",Deutsches Zentrum für Luft- und Raumfahrt e. V. (DLR),"Göttingen, Deutschland",https://stackoverflow.com/jobs/566144
Junior Software Engineer im Firmenübergreifenden Trainee-Programm (100%),M&F Engineering AG,"Weiningen, Schweiz",https://stackoverflow.com/jobs/233263
Backend Engineer - Remote/On-Site,eLearning Industry,"Athens, Greece",https://stackoverflow.com/jobs/566140
"Backend Software Engineer, Customer Service Platform",ByteDance,Singapore,https://stackoverflow.com/jobs/529048
Site Reliability Engineer,Flow Traders,"Amsterdam, Netherlands",https://stackoverflow.com/jobs/381007
Build Engineer - New Sci-Fi FPS IP,Creative Assembly,"Horsham, UK",https://stackoverflow.com/jobs/566137
Software Engineer (Python Data Stack) (m/f/d),QuantCo,"Karlsruhe, Germany",https://stackoverflow.com/jobs/349976
Software Engineer (Backend) (m/f/d),QuantCo,"Berlin, Germany",https://stackoverflow.com/jobs/409511
"Tech Lead Engineering Manager, Trust and Safety Engineering",ByteDance,Singapore,https://stackoverflow.com/jobs/546397
Backend Software Engineer - Trust and Safety Engineering,ByteDance,Singapore,https://stackoverflow.com/jobs/546396
Senior ML Engineer,Amaris.AI,Singapore,https://stackoverflow.com/jobs/533811
Senior Infra and DevSecOps Engineer,Amaris.AI,Singapore,https://stackoverflow.com/jobs/533810
Senior DevOps Engineer,Higher Logic,"Arlington, VA",https://stackoverflow.com/jobs/529128
Senior Information Security Analyst- 1 year Contract - Remote,Tucows,No office location,https://stackoverflow.com/jobs/522324
Manager - Data Reliability Engineer,McDonald's Corporation,"Chicago, IL",https://stackoverflow.com/jobs/556557
Senior DevOps Engineer,Zenjob,"Berlin, Germany",https://stackoverflow.com/jobs/552356
"Data Architect, Data Platform",Flyr Inc,"Los Angeles, CA",https://stackoverflow.com/jobs/529117
DevOps Engineer,Flyr Inc,No office location,https://stackoverflow.com/jobs/522896
"Informatiker/in, Ingenieur/in, Physiker/in, Mathematiker/in o. ä. (w/m/d)",Deutsches Zentrum für Luft- und Raumfahrt e. V. (DLR),"Darmstadt, Deutschland",https://stackoverflow.com/jobs/566125
Senior Developer,American Logistics,No office location,https://stackoverflow.com/jobs/522889
Senior Solution Engineer (m/w/d) - Cloud Azure Expert,Deloitte Deutschland,"Düsseldorf, Deutschland",https://stackoverflow.com/jobs/533755
Solution Engineer (m/w/d) - Cloud AWS,Deloitte Deutschland,"Düsseldorf, Deutschland",https://stackoverflow.com/jobs/533754
Solution Engineer (m/w/d) - Cloud Azure,Deloitte Deutschland,"Düsseldorf, Deutschland",https://stackoverflow.com/jobs/533750
(Senior) Frontend Engineer (m/w/d) - Trufa,Deloitte Deutschland,"Düsseldorf, Deutschland",https://stackoverflow.com/jobs/533749
Software Developer (künstliche Intelligenz) - für E-Commerce Agentur in Bremen,hmmh multimediahaus AG,No office location,https://stackoverflow.com/jobs/529059
DevOps Engineer with interesting scale up challenges,Channable,"Utrecht, Netherlands",https://stackoverflow.com/jobs/500253
Frontend Developer,Octopus Energy,"London, UK",https://stackoverflow.com/jobs/533659
Backend Developer - APIs Team,Octopus Energy,"London, UK",https://stackoverflow.com/jobs/533658
Data Scientist (d/m/w),DEVK Versicherungen,"Köln, Deutschland",https://stackoverflow.com/jobs/533653
Senior Software Engineer / Ruby or Elixir/ Remote,The RealReal,No office location,https://stackoverflow.com/jobs/522850
Python Developer,Risk Focus,No office location,https://stackoverflow.com/jobs/552173
Senior Go Lang Developer | Contractor | Remote,Copado Strategic Services,No office location,https://stackoverflow.com/jobs/552166
Sr. Full Stack Engineer- Python,AutoTrader,"Toronto, ON, Canada",https://stackoverflow.com/jobs/529021
Data Scientist,AutoTrader,"Toronto, ON, Canada",https://stackoverflow.com/jobs/529015
Software Developer,Academic Analytics,No office location,https://stackoverflow.com/jobs/566108
Full Stack Developer,Rakettitiede,"Helsinki, Finland",https://stackoverflow.com/jobs/522743
Software Engineer,SUSE,No office location,https://stackoverflow.com/jobs/514397
Full Stack Developer,BOTS by RevenYOU,"Haarlem, Netherlands",https://stackoverflow.com/jobs/533368
Python Data Engineer,Tech City Labs,"Reading, UK",https://stackoverflow.com/jobs/566099
